date,node
2019-03-21 22:35,aaf31d1aae9dc15ef6811a3b5db72aa2
2019-03-21 22:35,9fef83b379ff1a6bd10ff551ed17e19c
2019-03-21 22:35,9e4f726e785dc5703e72f0d755cae383
2019-03-21 22:35,b975423d60e5c06470d818f742d20078
2019-03-21 22:35,21954ef92c28fc701db905fe58f6230b
2019-03-21 22:40,aaf31d1aae9dc15ef6811a3b5db72aa2
2019-03-21 22:40,9e4f726e785dc5703e72f0d755cae383
2019-03-21 22:40,b975423d60e5c06470d818f742d20078
2019-03-21 22:40,21954ef92c28fc701db905fe58f6230b
2019-03-21 22:45,aaf31d1aae9dc15ef6811a3b5db72aa2
2019-03-21 22:45,9fef83b379ff1a6bd10ff551ed17e19c
2019-03-21 22:45,9e4f726e785dc5703e72f0d755cae383
2019-03-21 22:45,b975423d60e5c06470d818f742d20078
2019-03-21 22:45,21954ef92c28fc701db905fe58f6230b
2019-03-21 22:45,ce7b96989e781548d079cb633e070f7e
2019-03-21 22:45,631e6a50e6411042b7171248effc975b
2019-03-21 22:50,aaf31d1aae9dc15ef6811a3b5db72aa2
2019-03-21 22:50,9e4f726e785dc5703e72f0d755cae383
2019-03-21 22:50,b975423d60e5c06470d818f742d20078
2019-03-21 22:50,21954ef92c28fc701db905fe58f6230b
2019-03-21 22:50,ce7b96989e781548d079cb633e070f7e
2019-03-21 22:55,aaf31d1aae9dc15ef6811a3b5db72aa2
2019-03-21 22:55,9e4f726e785dc5703e72f0d755cae383
2019-03-21 22:55,b975423d60e5c06470d818f742d20078
2019-03-21 22:55,21954ef92c28fc701db905fe58f6230b
2019-03-21 23:00,aaf31d1aae9dc15ef6811a3b5db72aa2
2019-03-21 23:00,9fef83b379ff1a6bd10ff551ed17e19c
2019-03-21 23:00,9e4f726e785dc5703e72f0d755cae383
2019-03-21 23:00,b975423d60e5c06470d818f742d20078
2019-03-21 23:00,21954ef92c28fc701db905fe58f6230b
2019-03-21 23:05,aaf31d1aae9dc15ef6811a3b5db72aa2
2019-03-21 23:05,9fef83b379ff1a6bd10ff551ed17e19c
2019-03-21 23:05,9e4f726e785dc5703e72f0d755cae383
2019-03-21 23:05,b975423d60e5c06470d818f742d20078
2019-03-21 23:05,21954ef92c28fc701db905fe58f6230b
2019-03-21 23:05,ca1c8a7e9b9c15a19f34177639caad61
2019-03-21 23:10,aaf31d1aae9dc15ef6811a3b5db72aa2
2019-03-21 23:10,9fef83b379ff1a6bd10ff551ed17e19c
2019-03-21 23:10,9e4f726e785dc5703e72f0d755cae383
2019-03-21 23:10,b975423d60e5c06470d818f742d20078
2019-03-21 23:10,21954ef92c28fc701db905fe58f6230b
2019-03-21 23:15,aaf31d1aae9dc15ef6811a3b5db72aa2
2019-03-21 23:15,9fef83b379ff1a6bd10ff551ed17e19c
2019-03-21 23:15,9e4f726e785dc5703e72f0d755cae383
2019-03-21 23:15,b975423d60e5c06470d818f742d20078
2019-03-21 23:15,21954ef92c28fc701db905fe58f6230b
2019-03-21 23:15,ce7b96989e781548d079cb633e070f7e
2019-03-21 23:20,aaf31d1aae9dc15ef6811a3b5db72aa2
2019-03-21 23:20,9fef83b379ff1a6bd10ff551ed17e19c
2019-03-21 23:20,9e4f726e785dc5703e72f0d755cae383
2019-03-21 23:20,b975423d60e5c06470d818f742d20078
2019-03-21 23:20,21954ef92c28fc701db905fe58f6230b
2019-03-21 23:25,aaf31d1aae9dc15ef6811a3b5db72aa2
2019-03-21 23:25,9fef83b379ff1a6bd10ff551ed17e19c
2019-03-21 23:25,9e4f726e785dc5703e72f0d755cae383
2019-03-21 23:25,b975423d60e5c06470d818f742d20078
2019-03-21 23:25,21954ef92c28fc701db905fe58f6230b
2019-03-21 23:30,aaf31d1aae9dc15ef6811a3b5db72aa2
2019-03-21 23:30,9fef83b379ff1a6bd10ff551ed17e19c
2019-03-21 23:30,9e4f726e785dc5703e72f0d755cae383
2019-03-21 23:30,b975423d60e5c06470d818f742d20078
2019-03-21 23:30,21954ef92c28fc701db905fe58f6230b
2019-03-21 23:35,aaf31d1aae9dc15ef6811a3b5db72aa2
2019-03-21 23:35,9fef83b379ff1a6bd10ff551ed17e19c
2019-03-21 23:35,9e4f726e785dc5703e72f0d755cae383
2019-03-21 23:35,b975423d60e5c06470d818f742d20078
2019-03-21 23:35,21954ef92c28fc701db905fe58f6230b
2019-03-21 23:35,ce7b96989e781548d079cb633e070f7e
2019-03-21 23:40,aaf31d1aae9dc15ef6811a3b5db72aa2
2019-03-21 23:40,9fef83b379ff1a6bd10ff551ed17e19c
2019-03-21 23:40,9e4f726e785dc5703e72f0d755cae383
2019-03-21 23:40,b975423d60e5c06470d818f742d20078
2019-03-21 23:40,21954ef92c28fc701db905fe58f6230b
2019-03-21 23:45,aaf31d1aae9dc15ef6811a3b5db72aa2
2019-03-21 23:45,9fef83b379ff1a6bd10ff551ed17e19c
2019-03-21 23:45,9e4f726e785dc5703e72f0d755cae383
2019-03-21 23:45,b975423d60e5c06470d818f742d20078
2019-03-21 23:45,21954ef92c28fc701db905fe58f6230b
2019-03-21 23:50,aaf31d1aae9dc15ef6811a3b5db72aa2
2019-03-21 23:50,9e4f726e785dc5703e72f0d755cae383
2019-03-21 23:50,b975423d60e5c06470d818f742d20078
2019-03-21 23:50,21954ef92c28fc701db905fe58f6230b
2019-03-21 23:50,631e6a50e6411042b7171248effc975b
2019-03-21 23:55,aaf31d1aae9dc15ef6811a3b5db72aa2
2019-03-21 23:55,9fef83b379ff1a6bd10ff551ed17e19c
2019-03-21 23:55,9e4f726e785dc5703e72f0d755cae383
2019-03-21 23:55,21954ef92c28fc701db905fe58f6230b
2019-03-21 23:55,631e6a50e6411042b7171248effc975b
2019-03-22 00:00,aaf31d1aae9dc15ef6811a3b5db72aa2
2019-03-22 00:00,9fef83b379ff1a6bd10ff551ed17e19c
2019-03-22 00:00,9e4f726e785dc5703e72f0d755cae383
2019-03-22 00:00,b975423d60e5c06470d818f742d20078
2019-03-22 00:00,21954ef92c28fc701db905fe58f6230b
2019-03-22 00:00,631e6a50e6411042b7171248effc975b
2019-03-22 00:05,aaf31d1aae9dc15ef6811a3b5db72aa2
2019-03-22 00:05,9fef83b379ff1a6bd10ff551ed17e19c
2019-03-22 00:05,9e4f726e785dc5703e72f0d755cae383
2019-03-22 00:05,b975423d60e5c06470d818f742d20078
2019-03-22 00:05,21954ef92c28fc701db905fe58f6230b
2019-03-22 00:10,aaf31d1aae9dc15ef6811a3b5db72aa2
2019-03-22 00:10,9fef83b379ff1a6bd10ff551ed17e19c
2019-03-22 00:10,9e4f726e785dc5703e72f0d755cae383
2019-03-22 00:10,b975423d60e5c06470d818f742d20078
2019-03-22 00:10,21954ef92c28fc701db905fe58f6230b
2019-03-22 00:15,aaf31d1aae9dc15ef6811a3b5db72aa2
